book,chapter,token_count
Nahum,1,984
Nahum,2,886
Nahum,3,1277
Ruth,1,1641
Ruth,2,1723
Ruth,3,1266
Ruth,4,1437
Micah,1,1088
Micah,2,943
Micah,3,847
Micah,4,1104
Micah,5,954
Micah,6,1143
Micah,7,1381
Psalms,1,278
Psalms,2,502
Psalms,3,322
Psalms,4,399
Psalms,5,597
Psalms,6,420
Psalms,7,686
Psalms,8,364
Psalms,9,881
Psalms,10,910
Psalms,11,325
Psalms,12,338
Psalms,13,324
Psalms,14,367
Psalms,15,269
Psalms,16,503
Psalms,17,750
Psalms,18,2239
Psalms,19,628
Psalms,20,416
Psalms,21,560
Psalms,22,1345
Psalms,23,267
Psalms,24,433
Psalms,25,826
Psalms,26,447
Psalms,27,767
Psalms,28,498
Psalms,29,496
Psalms,30,585
Psalms,31,1206
Psalms,32,560
Psalms,33,834
Psalms,34,845
Psalms,35,1395
Psalms,36,550
Psalms,37,1589
Psalms,38,813
Psalms,39,684
Psalms,40,975
Psalms,41,596
Psalms,42,710
Psalms,43,336
Psalms,44,1249
Psalms,45,836
Psalms,46,538
Psalms,47,373
Psalms,48,541
Psalms,49,845
Psalms,50,957
Psalms,51,857
Psalms,52,444
Psalms,53,365
Psalms,54,299
Psalms,55,1055
Psalms,56,610
Psalms,57,609
Psalms,58,539
Psalms,59,889
Psalms,60,572
Psalms,61,319
Psalms,62,588
Psalms,63,478
Psalms,64,463
Psalms,65,641
Psalms,66,926
Psalms,67,324
Psalms,68,1812
Psalms,69,1640
Psalms,70,258
Psalms,71,1120
Psalms,72,867
Psalms,73,1066
Psalms,74,1100
Psalms,75,449
Psalms,76,518
Psalms,77,858
Psalms,78,3101
Psalms,79,691
Psalms,80,821
Psalms,81,710
Psalms,82,336
Psalms,83,677
Psalms,84,554
Psalms,85,535
Psalms,86,756
Psalms,87,294
Psalms,88,813
Psalms,89,2198
Psalms,90,786
Psalms,91,685
Psalms,92,600
Psalms,93,269
Psalms,94,943
Psalms,95,487
Psalms,96,606
Psalms,97,478
Psalms,98,435
Psalms,99,466
Psalms,100,220
Psalms,101,403
Psalms,102,1120
Psalms,103,909
Psalms,104,1514
Psalms,105,1723
Psalms,106,1979
Psalms,107,1637
Psalms,108,594
Psalms,109,1218
Psalms,110,345
Psalms,111,438
Psalms,112,424
Psalms,113,313
Psalms,114,312
Psalms,115,740
Psalms,116,678
Psalms,117,93
Psalms,118,1115
Psalms,119,6652
Psalms,120,231
Psalms,121,289
Psalms,122,319
Psalms,123,202
Psalms,124,341
Psalms,125,245
Psalms,126,262
Psalms,127,257
Psalms,128,221
Psalms,129,286
Psalms,130,289
Psalms,131,166
Psalms,132,706
Psalms,133,132
Psalms,134,93
Psalms,135,775
Psalms,136,945
Psalms,137,423
Psalms,138,420
Psalms,139,998
Psalms,140,634
Psalms,141,509
Psalms,142,364
Psalms,143,600
Psalms,144,738
Psalms,145,814
Psalms,146,451
Psalms,147,793
Psalms,148,505
Psalms,149,367
Psalms,150,222
Song of Solomon,1,768
Song of Solomon,2,832
Song of Solomon,3,593
Song of Solomon,4,895
Song of Solomon,5,1005
Song of Solomon,6,762
Song of Solomon,7,677
Song of Solomon,8,852
Jonah,1,1200
Jonah,2,567
Jonah,3,632
Jonah,4,806
Joel,1,1282
Joel,2,2233
Joel,3,1384
Job,1,1499
Job,2,923
Job,3,1125
Job,4,882
Job,5,1093
Job,6,1267
Job,7,1032
Job,8,860
Job,9,1388
Job,10,1056
Job,11,876
Job,12,1026
Job,13,1125
Job,14,975
Job,15,1481
Job,16,938
Job,17,626
Job,18,805
Job,19,1150
Job,20,1145
Job,21,1346
Job,22,1192
Job,23,659
Job,24,1131
Job,25,219
Job,26,534
Job,27,935
Job,28,999
Job,29,996
Job,30,1310
Job,31,1743
Job,32,883
Job,33,1275
Job,34,1534
Job,35,735
Job,36,1344
Job,37,1032
Job,38,1710
Job,39,1349
Job,40,910
Job,41,1445
Job,42,1055
Proverbs,1,1402
Proverbs,2,735
Proverbs,3,1335
Proverbs,4,1007
Proverbs,5,951
Proverbs,6,1342
Proverbs,7,938
Proverbs,8,1332
Proverbs,9,691
Proverbs,10,1236
Proverbs,11,1275
Proverbs,12,1158
Proverbs,13,1045
Proverbs,14,1458
Proverbs,15,1323
Proverbs,16,1426
Proverbs,17,1228
Proverbs,18,1001
Proverbs,19,1286
Proverbs,20,1261
Proverbs,21,1229
Proverbs,22,1172
Proverbs,23,1440
Proverbs,24,1431
Proverbs,25,1166
Proverbs,26,1139
Proverbs,27,1131
Proverbs,28,1173
Proverbs,29,1121
Proverbs,30,1492
Proverbs,31,1202
Haggai,1,1076
Haggai,2,1617
Daniel,1,1325
Daniel,2,3516
Daniel,3,2556
Daniel,4,3101
Daniel,5,2351
Daniel,6,2203
Daniel,7,2068
Daniel,8,1852
Daniel,9,2365
Daniel,10,1428
Daniel,11,3286
Daniel,12,873
Titus,1,988
Titus,2,736
Titus,3,878
Leviticus,1,967
Leviticus,2,909
Leviticus,3,936
Leviticus,4,1862
Leviticus,5,1441
Leviticus,6,1734
Leviticus,7,2037
Leviticus,8,2004
Leviticus,9,1280
Leviticus,10,1436
Leviticus,11,2292
Leviticus,12,535
Leviticus,13,3225
Leviticus,14,2971
Leviticus,15,1759
Leviticus,16,2119
Leviticus,17,1073
Leviticus,18,1535
Leviticus,19,2099
Leviticus,20,1840
Leviticus,21,1256
Leviticus,22,1929
Leviticus,23,2645
Leviticus,24,1188
Leviticus,25,3170
Leviticus,26,3029
Leviticus,27,1768
Romans,1,1880
Romans,2,1534
Romans,3,1552
Romans,4,1347
Romans,5,1426
Romans,6,1394
Romans,7,1429
Romans,8,2127
Romans,9,1812
Romans,10,1188
Romans,11,2089
Romans,12,1001
Romans,13,876
Romans,14,1264
Romans,15,1899
Romans,16,1469
Malachi,1,1389
Malachi,2,1554
Malachi,3,1463
Malachi,4,419
Numbers,1,2456
Numbers,2,1558
Numbers,3,2529
Numbers,4,2315
Numbers,5,1838
Numbers,6,1632
Numbers,7,5114
Numbers,8,1509
Numbers,9,1544
Numbers,10,1902
Numbers,11,2223
Numbers,12,896
Numbers,13,1487
Numbers,14,2704
Numbers,15,2117
Numbers,16,3047
Numbers,17,780
Numbers,18,2293
Numbers,19,1411
Numbers,20,1819
Numbers,21,2157
Numbers,22,2637
Numbers,23,1835
Numbers,24,1495
Numbers,25,991
Numbers,26,3226
Numbers,27,1216
Numbers,28,1515
Numbers,29,2044
Numbers,30,1004
Numbers,31,2582
Numbers,32,2457
Numbers,33,2022
Numbers,34,1243
Numbers,35,1936
Numbers,36,918
Judges,1,2421
Judges,2,1633
Judges,3,2064
Judges,4,1758
Judges,5,2013
Judges,6,3082
Judges,7,2226
Judges,8,2501
Judges,9,3909
Judges,10,1183
Judges,11,2923
Judges,12,1159
Judges,13,1800
Judges,14,1761
Judges,15,1648
Judges,16,2712
Judges,17,919
Judges,18,2288
Judges,19,2263
Judges,20,3293
Judges,21,1777
Zechariah,1,1572
Zechariah,2,749
Zechariah,3,669
Zechariah,4,897
Zechariah,5,696
Zechariah,6,840
Zechariah,7,810
Zechariah,8,1606
Zechariah,9,1258
Zechariah,10,871
Zechariah,11,1196
Zechariah,12,999
Zechariah,13,622
Zechariah,14,1480
Zephaniah,1,1233
Zephaniah,2,1105
Zephaniah,3,1472
Deuteronomy,1,3147
Deuteronomy,2,2411
Deuteronomy,3,2137
Deuteronomy,4,3625
Deuteronomy,5,2056
Deuteronomy,6,1521
Deuteronomy,7,2047
Deuteronomy,8,1335
Deuteronomy,9,2250
Deuteronomy,10,1378
Deuteronomy,11,2150
Deuteronomy,12,2346
Deuteronomy,13,1391
Deuteronomy,14,1485
Deuteronomy,15,1537
Deuteronomy,16,1471
Deuteronomy,17,1387
Deuteronomy,18,1313
Deuteronomy,19,1355
Deuteronomy,20,1453
Deuteronomy,21,1526
Deuteronomy,22,1737
Deuteronomy,23,1453
Deuteronomy,24,1457
Deuteronomy,25,1208
Deuteronomy,26,1429
Deuteronomy,27,1390
Deuteronomy,28,4486
Deuteronomy,29,1971
Deuteronomy,30,1527
Deuteronomy,31,2200
Deuteronomy,32,3107
Deuteronomy,33,1882
Deuteronomy,34,677
Amos,1,1071
Amos,2,1060
Amos,3,966
Amos,4,1201
Amos,5,1642
Amos,6,943
Amos,7,1157
Amos,8,1000
Amos,9,1170
Ezekiel,1,1619
Ezekiel,2,613
Ezekiel,3,1788
Ezekiel,4,1058
Ezekiel,5,1270
Ezekiel,6,1054
Ezekiel,7,1816
Ezekiel,8,1332
Ezekiel,9,910
Ezekiel,10,1256
Ezekiel,11,1567
Ezekiel,12,1752
Ezekiel,13,1772
Ezekiel,14,1689
Ezekiel,15,457
Ezekiel,16,4062
Ezekiel,17,1743
Ezekiel,18,2238
Ezekiel,19,751
Ezekiel,20,3896
Ezekiel,21,2114
Ezekiel,22,2075
Ezekiel,23,2987
Ezekiel,24,1790
Ezekiel,25,1280
Ezekiel,26,1583
Ezekiel,27,2138
Ezekiel,28,1843
Ezekiel,29,1535
Ezekiel,30,1698
Ezekiel,31,1490
Ezekiel,32,2487
Ezekiel,33,2529
Ezekiel,34,2103
Ezekiel,35,944
Ezekiel,36,2885
Ezekiel,37,1958
Ezekiel,38,1638
Ezekiel,39,2045
Ezekiel,40,3195
Ezekiel,41,1599
Ezekiel,42,1123
Ezekiel,43,1879
Ezekiel,44,2136
Ezekiel,45,1874
Ezekiel,46,1713
Ezekiel,47,1677
Ezekiel,48,2284
Esther,1,1423
Esther,2,1621
Esther,3,1083
Esther,4,1063
Esther,5,963
Esther,6,1046
Esther,7,803
Esther,8,1295
Esther,9,1969
Esther,10,187
Ezra,1,831
Ezra,2,2244
Ezra,3,1085
Ezra,4,1705
Ezra,5,1308
Ezra,6,1748
Ezra,7,1905
Ezra,8,2361
Ezra,9,1539
Ezra,10,2225
1 Chronicles,1,1868
1 Chronicles,2,2356
1 Chronicles,3,1049
1 Chronicles,4,2177
1 Chronicles,5,1608
1 Chronicles,6,3387
1 Chronicles,7,2124
1 Chronicles,8,1353
1 Chronicles,9,2365
1 Chronicles,10,919
1 Chronicles,11,2527
1 Chronicles,12,2485
1 Chronicles,13,919
1 Chronicles,14,951
1 Chronicles,15,1705
1 Chronicles,16,2090
1 Chronicles,17,1765
1 Chronicles,18,1043
1 Chronicles,19,1381
1 Chronicles,20,616
1 Chronicles,21,2163
1 Chronicles,22,1438
1 Chronicles,23,1503
1 Chronicles,24,1392
1 Chronicles,25,1383
1 Chronicles,26,1783
1 Chronicles,27,1857
1 Chronicles,28,1731
1 Chronicles,29,2167
2 Chronicles,1,1140
2 Chronicles,2,1461
2 Chronicles,3,1004
2 Chronicles,4,1288
2 Chronicles,5,931
2 Chronicles,6,3153
2 Chronicles,7,1622
2 Chronicles,8,1208
2 Chronicles,9,1989
2 Chronicles,10,1469
2 Chronicles,11,1340
2 Chronicles,12,1145
2 Chronicles,13,1557
2 Chronicles,14,1086
2 Chronicles,15,1184
2 Chronicles,16,1001
2 Chronicles,17,1124
2 Chronicles,18,2609
2 Chronicles,19,950
2 Chronicles,20,2787
2 Chronicles,21,1417
2 Chronicles,22,1067
2 Chronicles,23,1567
2 Chronicles,24,1972
2 Chronicles,25,2248
2 Chronicles,26,1595
2 Chronicles,27,517
2 Chronicles,28,1979
2 Chronicles,29,2465
2 Chronicles,30,2152
2 Chronicles,31,1653
2 Chronicles,32,2612
2 Chronicles,33,1655
2 Chronicles,34,2617
2 Chronicles,35,2129
2 Chronicles,36,1704
Obadiah,1,1598
Jude,1,1723
Isaiah,1,2014
Isaiah,2,1189
Isaiah,3,1349
Isaiah,4,419
Isaiah,5,2119
Isaiah,6,921
Isaiah,7,1496
Isaiah,8,1429
Isaiah,9,1491
Isaiah,10,2078
Isaiah,11,1074
Isaiah,12,350
Isaiah,13,1300
Isaiah,14,2047
Isaiah,15,593
Isaiah,16,1017
Isaiah,17,968
Isaiah,18,522
Isaiah,19,1641
Isaiah,20,450
Isaiah,21,998
Isaiah,22,1567
Isaiah,23,1217
Isaiah,24,1360
Isaiah,25,876
Isaiah,26,1291
Isaiah,27,876
Isaiah,28,2138
Isaiah,29,1760
Isaiah,30,2511
Isaiah,31,818
Isaiah,32,1035
Isaiah,33,1602
Isaiah,34,1120
Isaiah,35,692
Isaiah,36,1741
Isaiah,37,2651
Isaiah,38,1390
Isaiah,39,615
Isaiah,40,2047
Isaiah,41,1984
Isaiah,42,1621
Isaiah,43,1800
Isaiah,44,2142
Isaiah,45,1926
Isaiah,46,863
Isaiah,47,1094
Isaiah,48,1542
Isaiah,49,2090
Isaiah,50,970
Isaiah,51,1732
Isaiah,52,1103
Isaiah,53,1044
Isaiah,54,1262
Isaiah,55,958
Isaiah,56,816
Isaiah,57,1462
Isaiah,58,1272
Isaiah,59,1530
Isaiah,60,1584
Isaiah,61,917
Isaiah,62,876
Isaiah,63,1306
Isaiah,64,831
Isaiah,65,1860
Isaiah,66,2070
Ecclesiastes,1,843
Ecclesiastes,2,1711
Ecclesiastes,3,1151
Ecclesiastes,4,879
Ecclesiastes,5,1218
Ecclesiastes,6,745
Ecclesiastes,7,1546
Ecclesiastes,8,1079
Ecclesiastes,9,1321
Ecclesiastes,10,936
Ecclesiastes,11,604
Ecclesiastes,12,844
Genesis,1,1606
Genesis,2,1222
Genesis,3,1526
Genesis,4,1434
Genesis,5,1033
Genesis,6,1128
Genesis,7,1052
Genesis,8,1092
Genesis,9,1387
Genesis,10,1248
Genesis,11,1296
Genesis,12,1155
Genesis,13,945
Genesis,14,1460
Genesis,15,1130
Genesis,16,1031
Genesis,17,1449
Genesis,18,1964
Genesis,19,2275
Genesis,20,1154
Genesis,21,1771
Genesis,22,1391
Genesis,23,1199
Genesis,24,3911
Genesis,25,1692
Genesis,26,2045
Genesis,27,2774
Genesis,28,1371
Genesis,29,1966
Genesis,30,2551
Genesis,31,3626
Genesis,32,1896
Genesis,33,1119
Genesis,34,1809
Genesis,35,1629
Genesis,36,2057
Genesis,37,2107
Genesis,38,1782
Genesis,39,1363
Genesis,40,1170
Genesis,41,2857
Genesis,42,2488
Genesis,43,2285
Genesis,44,2066
Genesis,45,1698
Genesis,46,1765
Genesis,47,2085
Genesis,48,1523
Genesis,49,1799
Genesis,50,1588
Habakkuk,1,1121
Habakkuk,2,1390
Habakkuk,3,1210
Hosea,1,781
Hosea,2,1495
Hosea,3,332
Hosea,4,1161
Hosea,5,948
Hosea,6,610
Hosea,7,1000
Hosea,8,833
Hosea,9,1199
Hosea,10,1081
Hosea,11,819
Hosea,12,795
Hosea,13,984
Hosea,14,650
Colossians,1,1674
Colossians,2,1263
Colossians,3,1230
Colossians,4,968
Luke,1,3250
Luke,2,2232
Luke,3,1951
Luke,4,2220
Luke,5,2128
Luke,6,2685
Luke,7,2848
Luke,8,3094
Luke,9,3307
Luke,10,2288
Luke,11,2979
Luke,12,3213
Luke,13,1981
Luke,14,1826
Luke,15,1618
Luke,16,1792
Luke,17,1714
Luke,18,2185
Luke,19,2278
Luke,20,2186
Luke,21,1747
Luke,22,3154
Luke,23,2496
Luke,24,2319
Nehemiah,1,842
Nehemiah,2,1582
Nehemiah,3,2097
Nehemiah,4,1550
Nehemiah,5,1483
Nehemiah,6,1363
Nehemiah,7,2654
Nehemiah,8,1537
Nehemiah,9,3247
Nehemiah,10,1645
Nehemiah,11,2070
Nehemiah,12,2632
Nehemiah,13,2342
Mark,1,2051
Mark,2,1615
Mark,3,1532
Mark,4,1945
Mark,5,2105
Mark,6,2740
Mark,7,1854
Mark,8,1906
Mark,9,2760
Mark,10,2737
Mark,11,1768
Mark,12,2438
Mark,13,1804
Mark,14,3676
Mark,15,2107
Mark,16,1072
Matthew,1,1170
Matthew,2,1287
Matthew,3,928
Matthew,4,1243
Matthew,5,2453
Matthew,6,2043
Matthew,7,1419
Matthew,8,1749
Matthew,9,1964
Matthew,10,2134
Matthew,11,1595
Matthew,12,2610
Matthew,13,2810
Matthew,14,1527
Matthew,15,1864
Matthew,16,1538
Matthew,17,1482
Matthew,18,1765
Matthew,19,1595
Matthew,20,1673
Matthew,21,2602
Matthew,22,1962
Matthew,23,2027
Matthew,24,2225
Matthew,25,2303
Matthew,26,3790
Matthew,27,3165
Matthew,28,980
Philemon,1,1095
Philippians,1,1589
Philippians,2,1494
Philippians,3,1160
Philippians,4,1248
Acts,1,1531
Acts,2,2368
Acts,3,1446
Acts,4,1799
Acts,5,2135
Acts,6,830
Acts,7,3207
Acts,8,1894
Acts,9,2177
Acts,10,2401
Acts,11,1442
Acts,12,1378
Acts,13,2828
Acts,14,1359
Acts,15,1994
Acts,16,2070
Acts,17,2026
Acts,18,1572
Acts,19,2145
Acts,20,2010
Acts,21,2243
Acts,22,1643
Acts,23,1986
Acts,24,1427
Acts,25,1618
Acts,26,1795
Acts,27,2247
Acts,28,1717
1 Samuel,1,1755
1 Samuel,2,2610
1 Samuel,3,1344
1 Samuel,4,1747
1 Samuel,5,949
1 Samuel,6,1674
1 Samuel,7,1290
1 Samuel,8,1168
1 Samuel,9,2177
1 Samuel,10,1942
1 Samuel,11,1103
1 Samuel,12,2023
1 Samuel,13,1620
1 Samuel,14,3902
1 Samuel,15,2481
1 Samuel,16,1676
1 Samuel,17,3902
1 Samuel,18,1935
1 Samuel,19,1739
1 Samuel,20,3007
1 Samuel,21,1162
1 Samuel,22,1744
1 Samuel,23,2032
1 Samuel,24,1471
1 Samuel,25,3202
1 Samuel,26,2070
1 Samuel,27,936
1 Samuel,28,1941
1 Samuel,29,1029
1 Samuel,30,2087
1 Samuel,31,827
2 Samuel,1,1714
2 Samuel,2,2225
2 Samuel,3,2833
2 Samuel,4,1049
2 Samuel,5,1612
2 Samuel,6,1514
2 Samuel,7,1884
2 Samuel,8,1079
2 Samuel,9,939
2 Samuel,10,1354
2 Samuel,11,1887
2 Samuel,12,2331
2 Samuel,13,2742
2 Samuel,14,2573
2 Samuel,15,2707
2 Samuel,16,1748
2 Samuel,17,2222
2 Samuel,18,2639
2 Samuel,19,3509
2 Samuel,20,2023
2 Samuel,21,1865
2 Samuel,22,2260
2 Samuel,23,2200
2 Samuel,24,1975
James,1,1319
James,2,1382
James,3,933
James,4,1007
James,5,1128
Ephesians,1,1189
Ephesians,2,1194
Ephesians,3,1055
Ephesians,4,1552
Ephesians,5,1437
Ephesians,6,1122
Joshua,1,1350
Joshua,2,1714
Joshua,3,1231
Joshua,4,1505
Joshua,5,1171
Joshua,6,1895
Joshua,7,2306
Joshua,8,2431
Joshua,9,1864
Joshua,10,3142
Joshua,11,1617
Joshua,12,1113
Joshua,13,2051
Joshua,14,1131
Joshua,15,2392
Joshua,16,558
Joshua,17,1589
Joshua,18,1674
Joshua,19,2246
Joshua,20,678
Joshua,21,2416
Joshua,22,3049
Joshua,23,1371
Joshua,24,2707
1 Kings,1,3427
1 Kings,2,3486
1 Kings,3,1802
1 Kings,4,1793
1 Kings,5,1251
1 Kings,6,2135
1 Kings,7,3356
1 Kings,8,4685
1 Kings,9,1824
1 Kings,10,1853
1 Kings,11,2961
1 Kings,12,2450
1 Kings,13,2408
1 Kings,14,2122
1 Kings,15,2040
1 Kings,16,2272
1 Kings,17,1431
1 Kings,18,3130
1 Kings,19,1670
1 Kings,20,3305
1 Kings,21,2056
1 Kings,22,3620
2 Kings,1,1518
2 Kings,2,2048
2 Kings,3,1850
2 Kings,4,3018
2 Kings,5,2277
2 Kings,6,2317
2 Kings,7,1802
2 Kings,8,2150
2 Kings,9,2801
2 Kings,10,2769
2 Kings,11,1373
2 Kings,12,1385
2 Kings,13,1751
2 Kings,14,1993
2 Kings,15,2293
2 Kings,16,1407
2 Kings,17,2912
2 Kings,18,2866
2 Kings,19,2620
2 Kings,20,1493
2 Kings,21,1624
2 Kings,22,1448
2 Kings,23,3051
2 Kings,24,1296
2 Kings,25,2028
Jeremiah,1,1183
Jeremiah,2,2803
Jeremiah,3,2074
Jeremiah,4,2103
Jeremiah,5,2122
Jeremiah,6,2024
Jeremiah,7,2309
Jeremiah,8,1681
Jeremiah,9,1909
Jeremiah,10,1551
Jeremiah,11,1808
Jeremiah,12,1270
Jeremiah,13,1783
Jeremiah,14,1690
Jeremiah,15,1661
Jeremiah,16,1586
Jeremiah,17,1864
Jeremiah,18,1617
Jeremiah,19,1154
Jeremiah,20,1443
Jeremiah,21,1148
Jeremiah,22,2026
Jeremiah,23,3020
Jeremiah,24,774
Jeremiah,25,2573
Jeremiah,26,1824
Jeremiah,27,1716
Jeremiah,28,1210
Jeremiah,29,2471
Jeremiah,30,1715
Jeremiah,31,2985
Jeremiah,32,3053
Jeremiah,33,1850
Jeremiah,34,1819
Jeremiah,35,1571
Jeremiah,36,2326
Jeremiah,37,1419
Jeremiah,38,2281
Jeremiah,39,1194
Jeremiah,40,1551
Jeremiah,41,1397
Jeremiah,42,1902
Jeremiah,43,1004
Jeremiah,44,2786
Jeremiah,45,370
Jeremiah,46,1917
Jeremiah,47,521
Jeremiah,48,2833
Jeremiah,49,2971
Jeremiah,50,3363
Jeremiah,51,4345
Jeremiah,52,2174
John,1,2522
John,2,1214
John,3,1810
John,4,2618
John,5,2357
John,6,3445
John,7,2535
John,8,3330
John,9,2085
John,10,1971
John,11,2748
John,12,2589
John,13,2071
John,14,1794
John,15,1504
John,16,1893
John,17,1568
John,18,2297
John,19,2423
John,20,1769
John,21,1719
3 John,1,766
2 John,1,706
1 John,1,615
1 John,2,1782
1 John,3,1374
1 John,4,1306
1 John,5,1169
Exodus,1,1032
Exodus,2,1479
Exodus,3,1789
Exodus,4,1871
Exodus,5,1467
Exodus,6,1664
Exodus,7,1460
Exodus,8,2058
Exodus,9,2097
Exodus,10,2016
Exodus,11,679
Exodus,12,3018
Exodus,13,1475
Exodus,14,2121
Exodus,15,1697
Exodus,16,2413
Exodus,17,1047
Exodus,18,1602
Exodus,19,1595
Exodus,20,1231
Exodus,21,1760
Exodus,22,1652
Exodus,23,1858
Exodus,24,993
Exodus,25,1634
Exodus,26,1751
Exodus,27,1124
Exodus,28,2253
Exodus,29,2451
Exodus,30,1882
Exodus,31,884
Exodus,32,2279
Exodus,33,1501
Exodus,34,2267
Exodus,35,1673
Exodus,36,1871
Exodus,37,1431
Exodus,38,1648
Exodus,39,2081
Exodus,40,1600
Hebrews,1,844
Hebrews,2,1194
Hebrews,3,993
Hebrews,4,992
Hebrews,5,803
Hebrews,6,1047
Hebrews,7,1535
Hebrews,8,872
Hebrews,9,1583
Hebrews,10,1925
Hebrews,11,2410
Hebrews,12,1699
Hebrews,13,1402
Galatians,1,1158
Galatians,2,1434
Galatians,3,1701
Galatians,4,1561
Galatians,5,1206
Galatians,6,882
1 Corinthians,1,1733
1 Corinthians,2,979
1 Corinthians,3,1210
1 Corinthians,4,1279
1 Corinthians,5,838
1 Corinthians,6,1161
1 Corinthians,7,2294
1 Corinthians,8,788
1 Corinthians,9,1633
1 Corinthians,10,1637
1 Corinthians,11,1737
1 Corinthians,12,1507
1 Corinthians,13,641
1 Corinthians,14,2051
1 Corinthians,15,3018
1 Corinthians,16,1080
2 Corinthians,1,1553
2 Corinthians,2,1003
2 Corinthians,3,984
2 Corinthians,4,1044
2 Corinthians,5,1268
2 Corinthians,6,931
2 Corinthians,7,1303
2 Corinthians,8,1317
2 Corinthians,9,986
2 Corinthians,10,1075
2 Corinthians,11,1814
2 Corinthians,12,1588
2 Corinthians,13,866
1 Timothy,1,1199
1 Timothy,2,661
1 Timothy,3,835
1 Timothy,4,743
1 Timothy,5,1243
1 Timothy,6,1233
2 Timothy,1,1062
2 Timothy,2,1334
2 Timothy,3,865
2 Timothy,4,1090
1 Peter,1,1611
1 Peter,2,1461
1 Peter,3,1366
1 Peter,4,1112
1 Peter,5,808
2 Peter,1,1243
2 Peter,2,1451
2 Peter,3,1166
Lamentations,1,1904
Lamentations,2,2099
Lamentations,3,2202
Lamentations,4,1457
Lamentations,5,868
1 Thessalonians,1,721
1 Thessalonians,2,1366
1 Thessalonians,3,861
1 Thessalonians,4,989
1 Thessalonians,5,1105
2 Thessalonians,1,807
2 Thessalonians,2,951
2 Thessalonians,3,912
